{"loss": [1.9458744525909424, 1.9462995529174805, 1.946722149848938, 1.9464328289031982, 1.9459096193313599, 1.9467417001724243, 1.9460750818252563, 1.9457707405090332, 1.9468227624893188, 1.9465441703796387, 1.9467146396636963, 1.9463837146759033, 1.9468510150909424, 1.9460337162017822, 1.9462589025497437, 1.9457147121429443, 1.9466452598571777, 1.9451210498809814, 1.9461257457733154, 1.94668710231781, 1.9462852478027344, 1.9460355043411255, 1.9461554288864136, 1.9469361305236816, 1.945858120918274, 1.9464046955108643, 1.9460351467132568, 1.9465012550354004, 1.9466627836227417, 1.945737600326538, 1.947121500968933, 1.946197509765625, 1.9462165832519531, 1.9457473754882812, 1.9468845129013062, 1.9456106424331665, 1.9462064504623413, 1.9456335306167603, 1.945831298828125, 1.9465820789337158, 1.9460328817367554, 1.945866584777832, 1.9453521966934204, 1.9457148313522339, 1.9460527896881104, 1.9465636014938354, 1.9458131790161133, 1.9468437433242798, 1.945517659187317, 1.9461406469345093], "accuracy": [0.1437768191099167, 0.1330472081899643, 0.13447782397270203, 0.14163090288639069, 0.14878398180007935, 0.13233190774917603, 0.13662375509738922, 0.15021459758281708, 0.13233190774917603, 0.14520743489265442, 0.14592275023460388, 0.1394849717617035, 0.13662375509738922, 0.15092989802360535, 0.13233190774917603, 0.1394849717617035, 0.13233190774917603, 0.14878398180007935, 0.14878398180007935, 0.14592275023460388, 0.14091558754444122, 0.14806866645812988, 0.14163090288639069, 0.13376252353191376, 0.1373390555381775, 0.14520743489265442, 0.14091558754444122, 0.14663805067539215, 0.14878398180007935, 0.15092989802360535, 0.13590843975543976, 0.1537911295890808, 0.13018597662448883, 0.158082976937294, 0.1437768191099167, 0.14449213445186615, 0.15736766159534454, 0.14806866645812988, 0.1437768191099167, 0.12732474505901337, 0.1473533660173416, 0.14091558754444122, 0.14234620332717896, 0.14163090288639069, 0.14091558754444122, 0.14806866645812988, 0.1437768191099167, 0.15665236115455627, 0.15021459758281708, 0.14091558754444122], "val_loss": [1.9464370012283325, 1.946879267692566, 1.947091817855835, 1.94741690158844, 1.9476029872894287, 1.947752833366394, 1.9478610754013062, 1.9481788873672485, 1.9482578039169312, 1.9483654499053955, 1.9484447240829468, 1.9484754800796509, 1.9484885931015015, 1.9486312866210938, 1.948465347290039, 1.9485905170440674, 1.9487148523330688, 1.948838233947754, 1.9488686323165894, 1.9490611553192139, 1.9489206075668335, 1.9488322734832764, 1.9489037990570068, 1.9489659070968628, 1.9488780498504639, 1.9490669965744019, 1.9488611221313477, 1.9486515522003174, 1.9487063884735107, 1.948644995689392, 1.9485688209533691, 1.9486982822418213, 1.94883394241333, 1.9489492177963257, 1.9488812685012817, 1.948980689048767, 1.948917031288147, 1.948736548423767, 1.9488133192062378, 1.9486970901489258, 1.9487417936325073, 1.9488240480422974, 1.948999285697937, 1.9488556385040283, 1.9490439891815186, 1.949013590812683, 1.9489566087722778, 1.9486814737319946, 1.9490079879760742, 1.9489413499832153], "val_accuracy": [0.14899712800979614, 0.12607449293136597, 0.12607449293136597, 0.12607449293136597, 0.12607449293136597, 0.12607449293136597, 0.12607449293136597, 0.12607449293136597, 0.12607449293136597, 0.12607449293136597, 0.12607449293136597, 0.12607449293136597, 0.12607449293136597, 0.12607449293136597, 0.12607449293136597, 0.12607449293136597, 0.12607449293136597, 0.12607449293136597, 0.12607449293136597, 0.12607449293136597, 0.12607449293136597, 0.12607449293136597, 0.12607449293136597, 0.12607449293136597, 0.12607449293136597, 0.12607449293136597, 0.12607449293136597, 0.12607449293136597, 0.12607449293136597, 0.12607449293136597, 0.12607449293136597, 0.12607449293136597, 0.12607449293136597, 0.12607449293136597, 0.12607449293136597, 0.12607449293136597, 0.12607449293136597, 0.12607449293136597, 0.12607449293136597, 0.12607449293136597, 0.12607449293136597, 0.12607449293136597, 0.12607449293136597, 0.12607449293136597, 0.12607449293136597, 0.12607449293136597, 0.12607449293136597, 0.12607449293136597, 0.12607449293136597, 0.12607449293136597]}